loci	allele	percDiff	match	snp	ins	del
BME_RS00005	17	0.09	1025	1	0	0
BME_RS00010	1	0	537	0	0	0
BME_RS00020	13	0	1266	0	0	0
BME_RS00030	17	0	1329	0	0	0
BME_RS00035	26	0	1911	0	0	0
BME_RS00040	12	0	642	0	0	0
BME_RS00045	12	0	798	0	0	0
BME_RS00050	8	0	882	0	0	0
BME_RS00055	3	0	1044	0	0	0
BME_RS00060	2	0	795	0	0	0
BME_RS00065	7	0	885	0	0	0
BME_RS00070	3	0	966	0	0	0
BME_RS00080	11	0	1023	0	0	0
BME_RS00090	3	0	1059	0	0	0
BME_RS00110	10	0	1521	0	0	0
BME_RS00120	11	0	765	0	0	0
BME_RS00130	9	0	396	0	0	0
BME_RS00140	6	0	765	0	0	0
BME_RS00170	3	0.08	1211	1	0	0
BME_RS00175	6	0	954	0	0	0
BME_RS00180	11	0	924	0	0	0
BME_RS00190	3	0	603	0	0	0
BME_RS00195	20	0	1137	0	0	0
BME_RS00200	11	0	1308	0	0	0
BME_RS00205	1	0	315	0	0	0
BME_RS00210	2	0	630	0	0	0
BME_RS00215	11	0	987	0	0	0
BME_RS00220	16	0	1914	0	0	0
BME_RS00240	1	0	423	0	0	0
BME_RS00245	1	0	816	0	0	0
BME_RS00250	1	0	294	0	0	0
BME_RS00255	10	0	672	0	0	0
BME_RS00285	1	0	546	0	0	0
BME_RS00290	1	0	684	0	0	0
BME_RS00295	2	0	462	0	0	0
BME_RS00300	7	0	807	0	0	0
BME_RS00305	1	0	672	0	0	0
BME_RS00310	14	0.14	686	1	0	0
BME_RS00315	1	0	273	0	0	0
BME_RS00325	2	0	1002	0	0	0
BME_RS00335	6	0	783	0	0	0
BME_RS00340	1	0	531	0	0	0
BME_RS00345	2	0	291	0	0	0
BME_RS00355	6	0	561	0	0	0
BME_RS00360	1	0	1020	0	0	0
BME_RS00370	7	0	1107	0	0	0
BME_RS00380	1	0	537	0	0	0
BME_RS00390	10	0	1266	0	0	0
BME_RS00395	1	0	183	0	0	0
BME_RS00400	2	0	1401	0	0	0
BME_RS00405	7	0	717	0	0	0
BME_RS00410	7	0	486	0	0	0
BME_RS00415	8	0	861	0	0	0
BME_RS00425	5	0	204	0	0	0
BME_RS00445	6	0	699	0	0	0
BME_RS00450	6	0	747	0	0	0
BME_RS00455	1	0	930	0	0	0
BME_RS00460	8	0	876	0	0	0
BME_RS00470	1	0	450	0	0	0
BME_RS00480	8	0	1308	0	0	0
BME_RS00495	2	0	999	0	0	0
BME_RS00505	19	0	1452	0	0	0
BME_RS00510	7	0	1014	0	0	0
BME_RS00570	17	0	2721	0	0	0
BME_RS00580	10	0	996	0	0	0
BME_RS00585	2	0	1242	0	0	0
BME_RS00595	4	0	417	0	0	0
BME_RS00600	2	0	306	0	0	0
BME_RS00610	1	0	783	0	0	0
BME_RS00615	3	0	663	0	0	0
BME_RS00620	7	0.07	1397	1	0	0
BME_RS00625	4	0	1284	0	0	0
BME_RS00630	12	0	912	0	0	0
BME_RS00635	1	0	534	0	0	0
BME_RS00640	9	0	1212	0	0	0
BME_RS00645	8	0	963	0	0	0
BME_RS00650	9	0	1197	0	0	0
BME_RS00655	2	0	903	0	0	0
BME_RS00660	15	0	3015	0	0	0
BME_RS00665	10	0	1227	0	0	0
BME_RS00675	2	0	639	0	0	0
BME_RS00680	7	0	543	0	0	0
BME_RS00685	16	0	1404	0	0	0
BME_RS00690	8	0.09	1001	1	0	0
BME_RS00695	4	0	948	0	0	0
BME_RS00700	1	0	570	0	0	0
BME_RS00705	2	0	735	0	0	0
BME_RS00715	2	0	324	0	0	0
BME_RS00740	3	0	438	0	0	0
BME_RS00745	9	0	1410	0	0	0
BME_RS00750	2	0	459	0	0	0
BME_RS00755	1	0	399	0	0	0
BME_RS00760	3	0	396	0	0	0
BME_RS00765	13	0	1842	0	0	0
BME_RS00770	9	0	780	0	0	0
BME_RS00775	1	0	372	0	0	0
BME_RS00780	1	0	1245	0	0	0
BME_RS00810	11	0	657	0	0	0
BME_RS00815	1	0	429	0	0	0
BME_RS00820	1	0	291	0	0	0
BME_RS00825	6	0	981	0	0	0
BME_RS00830	10	0	1080	0	0	0
BME_RS00835	8	0	945	0	0	0
BME_RS00840	3	0	708	0	0	0
BME_RS00845	13	0	1377	0	0	0
BME_RS00865	2	0	894	0	0	0
BME_RS00870	8	0	789	0	0	0
BME_RS00875	5	0	267	0	0	0
BME_RS00880	1	0	855	0	0	0
BME_RS00885	6	0	426	0	0	0
BME_RS00895	6	0	747	0	0	0
BME_RS00900	6	0	1272	0	0	0
BME_RS00905	19	0	2271	0	0	0
BME_RS00910	11	0	1080	0	0	0
BME_RS00915	8	0	888	0	0	0
BME_RS00925	18	0	2625	0	0	0
BME_RS00935	14	0	1956	0	0	0
BME_RS00970	6	0	675	0	0	0
BME_RS00990	4	0	429	0	0	0
BME_RS01015	1	0	1026	0	0	0
BME_RS01020	3	0	1137	0	0	0
BME_RS01030	7	0	675	0	0	0
BME_RS01035	2	0	372	0	0	0
BME_RS01050	12	0	1350	0	0	0
BME_RS01060	5	0	537	0	0	0
BME_RS01065	1	0	255	0	0	0
BME_RS01070	6	0	645	0	0	0
BME_RS01080	14	0	1497	0	0	0
BME_RS01085	1	0	288	0	0	0
BME_RS01090	2	0	897	0	0	0
BME_RS01100	7	0	828	0	0	0
BME_RS01105	2	0	1572	0	0	0
BME_RS01120	2	0	624	0	0	0
BME_RS01130	3	0	642	0	0	0
BME_RS01135	25	0	4803	0	0	0
BME_RS01145	8	0	1617	0	0	0
BME_RS01150	9	0	1743	0	0	0
BME_RS01160	9	0	978	0	0	0
BME_RS01165	1	0	228	0	0	0
BME_RS01170	11	0	1956	0	0	0
BME_RS01175	1	0	288	0	0	0
BME_RS01180	1	0	531	0	0	0
BME_RS01185	11	0	681	0	0	0
BME_RS01190	12	0	2634	0	0	0
BME_RS01200	3	0	654	0	0	0
BME_RS01210	3	0	414	0	0	0
BME_RS01215	2	0	561	0	0	0
BME_RS01220	4	0	1530	0	0	0
BME_RS01225	13	0	879	0	0	0
BME_RS01230	12	0	1566	0	0	0
BME_RS01235	1	0	408	0	0	0
BME_RS01240	2	0	438	0	0	0
BME_RS01255	14	0	1002	0	0	0
BME_RS01260	9	0	909	0	0	0
BME_RS01265	3	0	1380	0	0	0
BME_RS01280	6	0	345	0	0	0
BME_RS01310	11	0	1263	0	0	0
BME_RS01315	7	0	915	0	0	0
BME_RS01320	10	0	729	0	0	0
BME_RS01325	1	0	180	0	0	0
BME_RS01330	1	0	432	0	0	0
BME_RS01345	6	0	402	0	0	0
BME_RS01350	1	0	339	0	0	0
BME_RS01355	4	0	576	0	0	0
BME_RS01360	11	0	936	0	0	0
BME_RS01365	10	0	729	0	0	0
BME_RS01370	12	0	1482	0	0	0
BME_RS01375	1	0	726	0	0	0
BME_RS01385	10	0	1005	0	0	0
BME_RS01390	5	0	657	0	0	0
BME_RS01395	1	0	285	0	0	0
BME_RS01400	19	0	1818	0	0	0
BME_RS01405	2	0	261	0	0	0
BME_RS01415	1	0	462	0	0	0
BME_RS01425	2	0	690	0	0	0
BME_RS01435	3	0	1089	0	0	0
BME_RS01440	5	0	489	0	0	0
BME_RS01445	1	0	204	0	0	0
BME_RS01450	2	0	183	0	0	0
BME_RS01460	2	0	192	0	0	0
BME_RS01465	2	0	1005	0	0	0
BME_RS01470	1	0	690	0	0	0
BME_RS01485	1	0	186	0	0	0
BME_RS01495	1	0	219	0	0	0
BME_RS01500	8	0	1191	0	0	0
BME_RS01505	3	0	1008	0	0	0
BME_RS01510	18	0.05	1991	1	0	0
BME_RS01515	1	0	273	0	0	0
BME_RS01520	2	0	366	0	0	0
BME_RS01525	2	0	597	0	0	0
BME_RS01530	2	0	825	0	0	0
BME_RS01535	11	0	744	0	0	0
BME_RS01545	3	0	576	0	0	0
BME_RS01555	7	0	747	0	0	0
BME_RS01560	1	0	222	0	0	0
BME_RS01580	11	0	795	0	0	0
BME_RS01585	2	0	561	0	0	0
BME_RS01590	1	0	1053	0	0	0
BME_RS01595	1	0	666	0	0	0
BME_RS01600	1	0	1203	0	0	0
BME_RS01605	2	0	507	0	0	0
BME_RS01610	1	0	522	0	0	0
BME_RS01615	1	0	618	0	0	0
BME_RS01620	9	0	1041	0	0	0
BME_RS01630	1	0	711	0	0	0
BME_RS01635	2	0	453	0	0	0
BME_RS01640	2	0	1071	0	0	0
BME_RS01645	10	0	1332	0	0	0
BME_RS01650	9	0	507	0	0	0
BME_RS01665	9	0	1347	0	0	0
BME_RS01675	10	0	1356	0	0	0
BME_RS01680	2	0	825	0	0	0
BME_RS01690	12	0	1176	0	0	0
BME_RS01695	12	0	1602	0	0	0
BME_RS01700	2	0	510	0	0	0
BME_RS01705	10	0	1290	0	0	0
BME_RS01710	3	0	1398	0	0	0
BME_RS01715	9	0	1353	0	0	0
BME_RS01730	10	0	741	0	0	0
BME_RS01735	1	0	216	0	0	0
BME_RS01740	1	0	471	0	0	0
BME_RS01745	1	0	474	0	0	0
BME_RS01800	1	0	354	0	0	0
BME_RS01805	1	0	432	0	0	0
BME_RS01815	2	0	573	0	0	0
BME_RS01825	1	0	795	0	0	0
BME_RS01830	2	0	165	0	0	0
BME_RS01835	13	0	1008	0	0	0
BME_RS01840	3	0	426	0	0	0
BME_RS01850	3	0	477	0	0	0
BME_RS01855	10	0	1044	0	0	0
BME_RS01860	10	0	912	0	0	0
BME_RS01865	9	0	495	0	0	0
BME_RS01875	5	0	876	0	0	0
BME_RS01880	8	0	645	0	0	0
BME_RS01885	5	0	573	0	0	0
BME_RS01890	7	0	519	0	0	0
BME_RS01895	1	0	591	0	0	0
BME_RS01950	5	0	318	0	0	0
BME_RS01960	7	0	1005	0	0	0
BME_RS01965	10	0	990	0	0	0
BME_RS01975	4	0	993	0	0	0
BME_RS01990	2	0	648	0	0	0
BME_RS01995	1	0	282	0	0	0
BME_RS02010	8	0	615	0	0	0
BME_RS02020	5	0	795	0	0	0
BME_RS02035	11	0	237	0	0	0
BME_RS02040	16	0	1290	0	0	0
BME_RS02050	3	0	1269	0	0	0
BME_RS02055	12	0	1104	0	0	0
BME_RS02075	20	0	1938	0	0	0
BME_RS02080	22	0	3108	0	0	0
BME_RS02095	7	0	783	0	0	0
BME_RS02105	1	0	957	0	0	0
BME_RS02110	4	0	1125	0	0	0
BME_RS02115	1	0	393	0	0	0
BME_RS02120	5	0.14	698	1	0	0
BME_RS02125	8	0	630	0	0	0
BME_RS02130	2	0	597	0	0	0
BME_RS02135	10	0	912	0	0	0
BME_RS02145	2	0	276	0	0	0
BME_RS02155	10	0	1197	0	0	0
BME_RS02160	6	0	831	0	0	0
BME_RS02165	2	0	348	0	0	0
BME_RS02180	5	0	1008	0	0	0
BME_RS02200	8	0	1047	0	0	0
BME_RS02205	8	0	837	0	0	0
BME_RS02235	5	0	462	0	0	0
BME_RS02240	1	0	189	0	0	0
BME_RS02245	3	0	2196	0	0	0
BME_RS02250	1	0	909	0	0	0
BME_RS02255	3	0	1728	0	0	0
BME_RS02260	6	0	903	0	0	0
BME_RS02265	2	0	456	0	0	0
BME_RS02270	1	0	684	0	0	0
BME_RS02275	13	0	984	0	0	0
BME_RS02280	1	0	507	0	0	0
BME_RS02290	20	0	2850	0	0	0
BME_RS02295	8	0	933	0	0	0
BME_RS02300	2	0	1008	0	0	0
BME_RS02305	5	0	666	0	0	0
BME_RS02310	6	0	624	0	0	0
BME_RS02315	7	0	1272	0	0	0
BME_RS02330	1	0	495	0	0	0
BME_RS02335	7	0	912	0	0	0
BME_RS02340	2	0	261	0	0	0
BME_RS02350	1	0	480	0	0	0
BME_RS02365	1	0	564	0	0	0
BME_RS02370	2	0	1299	0	0	0
BME_RS02375	1	0	873	0	0	0
BME_RS02380	9	0	546	0	0	0
BME_RS02390	8	0	501	0	0	0
BME_RS02395	6	0	1104	0	0	0
BME_RS02400	10	0	753	0	0	0
BME_RS02405	5	0	624	0	0	0
BME_RS02415	9	0	933	0	0	0
BME_RS02430	11	0	1152	0	0	0
BME_RS02435	8	0	798	0	0	0
BME_RS02440	1	0	1098	0	0	0
BME_RS02450	2	0	321	0	0	0
BME_RS02455	1	0	501	0	0	0
BME_RS02470	3	0	1344	0	0	0
BME_RS02475	4	0	708	0	0	0
BME_RS02480	2	0.18	539	0	1	0
BME_RS02490	1	0	282	0	0	0
BME_RS02495	3	0	657	0	0	0
BME_RS02500	2	0.19	512	1	0	0
BME_RS02505	1	0	216	0	0	0
BME_RS02525	1	0	390	0	0	0
BME_RS02530	13	0	912	0	0	0
BME_RS02535	2	0	351	0	0	0
BME_RS02540	8	0	912	0	0	0
BME_RS02550	1	0	474	0	0	0
BME_RS02555	8	0	1065	0	0	0
BME_RS02560	1	0	471	0	0	0
BME_RS02565	13	0	1401	0	0	0
BME_RS02570	8	0	975	0	0	0
BME_RS02575	1	0	906	0	0	0
BME_RS02590	11	0	1203	0	0	0
BME_RS02595	2	0	612	0	0	0
BME_RS02605	1	0	441	0	0	0
BME_RS02610	14	0	1866	0	0	0
BME_RS02615	21	0	3489	0	0	0
BME_RS02625	4	0	519	0	0	0
BME_RS02635	11	0	1224	0	0	0
BME_RS02640	3	0	453	0	0	0
BME_RS02650	16	0	1968	0	0	0
BME_RS02655	8	0	2019	0	0	0
BME_RS02660	1	0	291	0	0	0
BME_RS02665	3	0	459	0	0	0
BME_RS02675	5	0	753	0	0	0
BME_RS02690	9	0	573	0	0	0
BME_RS02710	2	0	804	0	0	0
BME_RS02720	1	0	267	0	0	0
BME_RS02725	11	0	1062	0	0	0
BME_RS02730	10	0	630	0	0	0
BME_RS02740	11	0	1119	0	0	0
BME_RS02745	10	0	1248	0	0	0
BME_RS02760	11	0	945	0	0	0
BME_RS02765	1	0	180	0	0	0
BME_RS02770	11	0	1650	0	0	0
BME_RS02785	1	0	324	0	0	0
BME_RS02790	8	0	1026	0	0	0
BME_RS02820	1	0	711	0	0	0
BME_RS02825	3	0	807	0	0	0
BME_RS02835	3	0	1371	0	0	0
BME_RS02840	1	0	1044	0	0	0
BME_RS02850	7	0	1824	0	0	0
BME_RS02855	15	0	1473	0	0	0
BME_RS02860	22	0	1446	0	0	0
BME_RS02865	2	0	1083	0	0	0
BME_RS02870	2	0	1404	0	0	0
BME_RS02875	1	0	1158	0	0	0
BME_RS02880	12	0	1140	0	0	0
BME_RS02885	7	0	1416	0	0	0
BME_RS02890	11	0	969	0	0	0
BME_RS02900	11	0	936	0	0	0
BME_RS02905	14	0	1323	0	0	0
BME_RS02915	6	0	861	0	0	0
BME_RS02920	1	0	864	0	0	0
BME_RS02925	15	0	1680	0	0	0
BME_RS02930	3	0	2160	0	0	0
BME_RS02935	9	0	705	0	0	0
BME_RS02940	3	0	1827	0	0	0
BME_RS02950	8	0	591	0	0	0
BME_RS02960	3	0	498	0	0	0
BME_RS02965	20	0.03	2576	1	0	0
BME_RS02970	8	0	1077	0	0	0
BME_RS02975	7	0	510	0	0	0
BME_RS02990	24	0	3744	0	0	0
BME_RS03000	1	0	201	0	0	0
BME_RS03010	7	0	570	0	0	0
BME_RS03025	1	0	312	0	0	0
BME_RS03030	6	0	795	0	0	0
BME_RS03035	7	0.19	518	1	0	0
BME_RS03040	12	0	1149	0	0	0
BME_RS03045	10	0	903	0	0	0
BME_RS03050	2	0	186	0	0	0
BME_RS03055	12	0	1575	0	0	0
BME_RS03065	15	0	900	0	0	0
BME_RS03070	4	0	933	0	0	0
BME_RS03075	13	0	1824	0	0	0
BME_RS03080	1	0	573	0	0	0
BME_RS03085	12	0	1122	0	0	0
BME_RS03090	1	0	399	0	0	0
BME_RS03095	2	0	741	0	0	0
BME_RS03100	19	0	1956	0	0	0
BME_RS03110	8	0	1018	0	0	0
BME_RS03120	3	0	1233	0	0	0
BME_RS03125	4	0	408	0	0	0
BME_RS03140	9	0	927	0	0	0
BME_RS03145	1	0	435	0	0	0
BME_RS03155	1	0	390	0	0	0
BME_RS03160	8	0	813	0	0	0
BME_RS03175	3	0	765	0	0	0
BME_RS03180	10	0	627	0	0	0
BME_RS03190	6	0	759	0	0	0
BME_RS03220	14	0	1722	0	0	0
BME_RS03230	7	0	303	0	0	0
BME_RS03255	19	0	1863	0	0	0
BME_RS03265	11	0	1002	0	0	0
BME_RS03270	8	0	777	0	0	0
BME_RS03275	10	0	1116	0	0	0
BME_RS03300	1	0	423	0	0	0
BME_RS03315	7	0	663	0	0	0
BME_RS03320	15	0	1569	0	0	0
BME_RS03325	2	0	186	0	0	0
BME_RS03330	4	0.09	1004	0	1	0
BME_RS03340	2	0	831	0	0	0
BME_RS03355	5	0	972	0	0	0
BME_RS03360	15	0.05	1859	1	0	0
BME_RS03365	18	0	2538	0	0	0
BME_RS03370	1	0	468	0	0	0
BME_RS03380	1	0	291	0	0	0
BME_RS03405	1	0	135	0	0	0
BME_RS03420	11	0	1452	0	0	0
BME_RS03425	1	0	189	0	0	0
BME_RS03435	2	0	522	0	0	0
BME_RS03445	25	0	3792	0	0	0
BME_RS03465	2	0	447	0	0	0
BME_RS03475	2	0	759	0	0	0
BME_RS03490	2	0	879	0	0	0
BME_RS03495	15	0	1311	0	0	0
BME_RS03500	11	0	999	0	0	0
BME_RS03510	10	0	1092	0	0	0
BME_RS03535	11	0	1695	0	0	0
BME_RS03540	7	0	735	0	0	0
BME_RS03545	3	0	627	0	0	0
BME_RS03550	14	0	1296	0	0	0
BME_RS03555	11	0	1206	0	0	0
BME_RS03560	9	0	639	0	0	0
BME_RS03570	1	0	828	0	0	0
BME_RS03575	3	0	717	0	0	0
BME_RS03580	1	0	285	0	0	0
BME_RS03595	1	0	348	0	0	0
BME_RS03600	3	0	1221	0	0	0
BME_RS03605	3	0	1320	0	0	0
BME_RS03610	12	0	987	0	0	0
BME_RS03615	13	0	1062	0	0	0
BME_RS03620	8	0	1785	0	0	0
BME_RS03635	7	0	582	0	0	0
BME_RS03640	3	0	480	0	0	0
BME_RS03645	7	0	771	0	0	0
BME_RS03650	1	0	825	0	0	0
BME_RS03655	1	0	207	0	0	0
BME_RS03660	1	0	528	0	0	0
BME_RS03665	12	0	606	0	0	0
BME_RS03670	3	0	642	0	0	0
BME_RS03675	6	0	729	0	0	0
BME_RS03685	2	0	861	0	0	0
BME_RS03710	1	0	201	0	0	0
BME_RS03715	1	0	528	0	0	0
BME_RS03720	1	0	429	0	0	0
BME_RS03725	9	0	702	0	0	0
BME_RS03730	5	0	519	0	0	0
BME_RS03735	1	0	375	0	0	0
BME_RS03740	21	0.02	4133	1	0	0
BME_RS03745	16	0	4203	0	0	0
BME_RS03755	1	0	372	0	0	0
BME_RS03760	2	0	471	0	0	0
BME_RS03765	2	0	2085	0	0	0
BME_RS03775	1	0	309	0	0	0
BME_RS03780	10	0	714	0	0	0
BME_RS03790	6	0	294	0	0	0
BME_RS03795	3	0	834	0	0	0
BME_RS03800	1	0	279	0	0	0
BME_RS03805	5	0	390	0	0	0
BME_RS03810	5	0	711	0	0	0
BME_RS03815	1	0	414	0	0	0
BME_RS03820	1	0	201	0	0	0
BME_RS03825	1	0	243	0	0	0
BME_RS03830	1	0	369	0	0	0
BME_RS03840	1	0	558	0	0	0
BME_RS03845	2	0	306	0	0	0
BME_RS03850	2	0	399	0	0	0
BME_RS03855	3	0	534	0	0	0
BME_RS03860	2	0	363	0	0	0
BME_RS03865	7	0	561	0	0	0
BME_RS03870	1	0	198	0	0	0
BME_RS03875	1	0	471	0	0	0
BME_RS03880	1	0	1341	0	0	0
BME_RS03885	7	0	585	0	0	0
BME_RS03890	1	0	369	0	0	0
BME_RS03895	3	0	390	0	0	0
BME_RS03900	3	0	1014	0	0	0
BME_RS03905	2	0	429	0	0	0
BME_RS03915	11	0	1314	0	0	0
BME_RS03920	1	0	585	0	0	0
BME_RS03930	1	0.09	1085	1	0	0
BME_RS03935	10	0.03	2657	1	0	0
BME_RS03945	3	0	1215	0	0	0
BME_RS03950	1	0	411	0	0	0
BME_RS03955	6	0	585	0	0	0
BME_RS03960	1	0	831	0	0	0
BME_RS03965	1	0	834	0	0	0
BME_RS03970	10	0	990	0	0	0
BME_RS03980	4	0	363	0	0	0
BME_RS04015	8	0	467	0	0	0
BME_RS04020	1	0	315	0	0	0
BME_RS04030	4	0	366	0	0	0
BME_RS04035	2	0	387	0	0	0
BME_RS04045	12	0	795	0	0	0
BME_RS04055	2	0	438	0	0	0
BME_RS04060	1	0	294	0	0	0
BME_RS04065	17	0	1419	0	0	0
BME_RS04070	2	0	351	0	0	0
BME_RS04075	8	0	2475	0	0	0
BME_RS04080	1	0	423	0	0	0
BME_RS04085	10	0	1188	0	0	0
BME_RS04090	11	0	741	0	0	0
BME_RS04095	2	0	465	0	0	0
BME_RS04100	8	0	843	0	0	0
BME_RS04110	2	0	771	0	0	0
BME_RS04115	6	0	918	0	0	0
BME_RS04120	28	0	723	0	0	0
BME_RS04125	10	0	561	0	0	0
BME_RS04130	7	0	765	0	0	0
BME_RS04140	3	0	1140	0	0	0
BME_RS04145	14	0	2346	0	0	0
BME_RS04150	3	0	1056	0	0	0
BME_RS04165	3	0	903	0	0	0
BME_RS04170	8	0	1188	0	0	0
BME_RS04175	1	0	1293	0	0	0
BME_RS04180	11	0	1422	0	0	0
BME_RS04200	3	0	1215	0	0	0
BME_RS04205	2	0	498	0	0	0
BME_RS04210	1	0	807	0	0	0
BME_RS04215	8	0	1020	0	0	0
BME_RS04220	16	0	1887	0	0	0
BME_RS04225	10	0	765	0	0	0
BME_RS04230	4	0	447	0	0	0
BME_RS04235	3	0	693	0	0	0
BME_RS04240	12	0	1629	0	0	0
BME_RS04245	13	0	834	0	0	0
BME_RS04250	2	0	1278	0	0	0
BME_RS04260	2	0	330	0	0	0
BME_RS04265	3	0	1041	0	0	0
BME_RS04270	13	0	1386	0	0	0
BME_RS04275	13	0	1344	0	0	0
BME_RS04280	17	0	1464	0	0	0
BME_RS04285	2	0	198	0	0	0
BME_RS04290	1	0	969	0	0	0
BME_RS04295	1	0	459	0	0	0
BME_RS04305	1	0	498	0	0	0
BME_RS04310	3	0	1344	0	0	0
BME_RS04330	12	0.04	2324	1	0	0
BME_RS04335	10	0	1362	0	0	0
BME_RS04350	1	0	237	0	0	0
BME_RS04355	3	0	1449	0	0	0
BME_RS04360	2	0	630	0	0	0
BME_RS04370	19	0	2439	0	0	0
BME_RS04375	1	0	276	0	0	0
BME_RS04380	17	0	2925	0	0	0
BME_RS04385	2	0	507	0	0	0
BME_RS04390	3	0	762	0	0	0
BME_RS04395	2	0	579	0	0	0
BME_RS04400	9	0	630	0	0	0
BME_RS04405	16	0	2769	0	0	0
BME_RS04415	4	0	495	0	0	0
BME_RS04420	8	0	591	0	0	0
BME_RS04425	1	0	507	0	0	0
BME_RS04430	1	0	1092	0	0	0
BME_RS04440	1	0	567	0	0	0
BME_RS04465	9	0	1185	0	0	0
BME_RS04520	6	0	948	0	0	0
BME_RS04525	2	0	420	0	0	0
BME_RS04530	9	0	642	0	0	0
BME_RS04535	2	0	441	0	0	0
BME_RS04540	2	0	372	0	0	0
BME_RS04555	14	0	1977	0	0	0
BME_RS04560	7	0	1011	0	0	0
BME_RS04570	11	0	612	0	0	0
BME_RS04580	3	0	1008	0	0	0
BME_RS04585	10	0	966	0	0	0
BME_RS04590	1	0	831	0	0	0
BME_RS04620	1	0	1491	0	0	0
BME_RS04635	9	0	855	0	0	0
BME_RS04640	1	0	744	0	0	0
BME_RS04645	10	0	1029	0	0	0
BME_RS04665	10	0	600	0	0	0
BME_RS04670	8	0	759	0	0	0
BME_RS04675	4	0	846	0	0	0
BME_RS04685	1	0	489	0	0	0
BME_RS04705	12	0	1209	0	0	0
BME_RS04720	1	0	417	0	0	0
BME_RS04740	1	0	534	0	0	0
BME_RS04745	2	0	534	0	0	0
BME_RS04750	3	0	360	0	0	0
BME_RS04760	13	0	621	0	0	0
BME_RS04765	1	0	402	0	0	0
BME_RS04775	2	0	324	0	0	0
BME_RS04790	6	0	630	0	0	0
BME_RS04795	13	0	996	0	0	0
BME_RS04800	2	0	858	0	0	0
BME_RS04805	9	0	1176	0	0	0
BME_RS04810	9	0	981	0	0	0
BME_RS04815	17	0	2325	0	0	0
BME_RS04825	13	0	1374	0	0	0
BME_RS04830	10	0	1680	0	0	0
BME_RS04835	2	0	351	0	0	0
BME_RS04845	15	0	1395	0	0	0
BME_RS04850	9	0	537	0	0	0
BME_RS04855	7	0	699	0	0	0
BME_RS04860	1	0	705	0	0	0
BME_RS04865	1	0	273	0	0	0
BME_RS04870	9	0	1506	0	0	0
BME_RS04875	1	0	339	0	0	0
BME_RS04880	6	0	1410	0	0	0
BME_RS04885	9	0	746	0	0	0
BME_RS04895	15	0	924	0	0	0
BME_RS04900	9	0	981	0	0	0
BME_RS04905	14	0	1800	0	0	0
BME_RS04910	2	0	819	0	0	0
BME_RS04915	8	0	792	0	0	0
BME_RS04920	12	0	1548	0	0	0
BME_RS04925	1	0	1083	0	0	0
BME_RS04930	9	0	645	0	0	0
BME_RS04935	3	0	1191	0	0	0
BME_RS04940	12	0	1266	0	0	0
BME_RS04945	6	0	348	0	0	0
BME_RS05085	16	0	1620	0	0	0
BME_RS05095	1	0	360	0	0	0
BME_RS05100	9	0	1035	0	0	0
BME_RS05105	3	0	666	0	0	0
BME_RS05140	23	0	2733	0	0	0
BME_RS05145	8	0	732	0	0	0
BME_RS05155	1	0	669	0	0	0
BME_RS05175	2	0	1449	0	0	0
BME_RS05180	2	0	774	0	0	0
BME_RS05190	1	0	972	0	0	0
BME_RS05195	1	0	420	0	0	0
BME_RS05200	10	0	1245	0	0	0
BME_RS05205	12	0	1278	0	0	0
BME_RS05210	10	0	756	0	0	0
BME_RS05215	3	0	1524	0	0	0
BME_RS05220	1	0	1179	0	0	0
BME_RS05225	2	0.14	674	1	0	0
BME_RS05230	1	0	333	0	0	0
BME_RS05235	6	0	1122	0	0	0
BME_RS05240	13	0	1254	0	0	0
BME_RS05275	14	0	2460	0	0	0
BME_RS05280	3	0	1269	0	0	0
BME_RS05285	1	0	186	0	0	0
BME_RS05300	13	0	1416	0	0	0
BME_RS05310	6	0	474	0	0	0
BME_RS05315	1	0.21	470	1	0	0
BME_RS05320	8	0	1359	0	0	0
BME_RS05330	2	0	471	0	0	0
BME_RS05335	1	0	411	0	0	0
BME_RS05340	1	0	504	0	0	0
BME_RS05345	15	0	1503	0	0	0
BME_RS05370	1	0	147	0	0	0
BME_RS05375	10	0	1401	0	0	0
BME_RS05380	3	0	834	0	0	0
BME_RS05385	3	0	390	0	0	0
BME_RS05390	22	0	2328	0	0	0
BME_RS05395	1	0	342	0	0	0
BME_RS05400	7	0	867	0	0	0
BME_RS05405	16	0	1299	0	0	0
BME_RS05415	1	0	669	0	0	0
BME_RS05420	1	0	768	0	0	0
BME_RS05425	3	0	1284	0	0	0
BME_RS05430	6	0	825	0	0	0
BME_RS05440	4	0	219	0	0	0
BME_RS05450	8	0	852	0	0	0
BME_RS05455	1	0	1020	0	0	0
BME_RS05465	18	0	1758	0	0	0
BME_RS05470	1	0	1209	0	0	0
BME_RS05475	1	0	327	0	0	0
BME_RS05480	1	0	708	0	0	0
BME_RS05485	1	0	783	0	0	0
BME_RS05490	1	0	768	0	0	0
BME_RS05505	1	0	480	0	0	0
BME_RS05510	3	0	1020	0	0	0
BME_RS05515	12	0	783	0	0	0
BME_RS05520	2	0	195	0	0	0
BME_RS05530	2	0	1023	0	0	0
BME_RS05540	3	0	684	0	0	0
BME_RS05545	10	0	1140	0	0	0
BME_RS05550	16	0	732	0	0	0
BME_RS05560	12	0	1023	0	0	0
BME_RS05570	1	0	282	0	0	0
BME_RS05575	13	0	1182	0	0	0
BME_RS05580	3	0	1278	0	0	0
BME_RS05585	6	0	1029	0	0	0
BME_RS05590	10	0	927	0	0	0
BME_RS05595	3	0.14	677	1	0	0
BME_RS05600	8	0	1302	0	0	0
BME_RS05605	3	0	876	0	0	0
BME_RS05610	2	0	567	0	0	0
BME_RS05625	8	0	765	0	0	0
BME_RS05630	1	0	243	0	0	0
BME_RS05635	8	0	672	0	0	0
BME_RS05640	12	0	648	0	0	0
BME_RS05645	1	0	402	0	0	0
BME_RS05650	18	0	2223	0	0	0
BME_RS05655	1	0	234	0	0	0
BME_RS05660	1	0	333	0	0	0
BME_RS05665	11	0	1266	0	0	0
BME_RS05680	1	0	618	0	0	0
BME_RS05690	6	0	414	0	0	0
BME_RS05695	1	0	198	0	0	0
BME_RS05700	25	0	3492	0	0	0
BME_RS05705	7	0	684	0	0	0
BME_RS05710	2	0	1314	0	0	0
BME_RS05715	11	0	1329	0	0	0
BME_RS05720	1	0	270	0	0	0
BME_RS05725	1	0	405	0	0	0
BME_RS05730	12	0.05	1676	1	0	0
BME_RS05735	10	0	798	0	0	0
BME_RS05740	18	0	1437	0	0	0
BME_RS05745	15	0	1509	0	0	0
BME_RS05750	18	0	1986	0	0	0
BME_RS05755	1	0	309	0	0	0
BME_RS05760	1	0	618	0	0	0
BME_RS05765	6	0	492	0	0	0
BME_RS05770	11	0	1044	0	0	0
BME_RS05775	12	0	2085	0	0	0
BME_RS05780	2	0	1308	0	0	0
BME_RS05785	1	0	714	0	0	0
BME_RS05790	3	0	1191	0	0	0
BME_RS05795	6	0	609	0	0	0
BME_RS05800	2	0	582	0	0	0
BME_RS05810	1	0	204	0	0	0
BME_RS05835	1	0	396	0	0	0
BME_RS05855	10	0	1284	0	0	0
BME_RS05860	3	0	405	0	0	0
BME_RS05870	8	0	465	0	0	0
BME_RS05875	2	0	477	0	0	0
BME_RS05885	2	0	933	0	0	0
BME_RS05890	8	0	1077	0	0	0
BME_RS05895	2	0	219	0	0	0
BME_RS05900	6	0	573	0	0	0
BME_RS05905	7	0	588	0	0	0
BME_RS05910	6	0	216	0	0	0
BME_RS05925	3	0	318	0	0	0
BME_RS05930	4	0	543	0	0	0
BME_RS05935	1	0	324	0	0	0
BME_RS05940	11	0	972	0	0	0
BME_RS05945	2	0	1041	0	0	0
BME_RS05950	2	0	558	0	0	0
BME_RS05955	1	0	555	0	0	0
BME_RS05960	1	0	507	0	0	0
BME_RS05965	11	0	2157	0	0	0
BME_RS05970	6	0	516	0	0	0
BME_RS05975	8	0	462	0	0	0
BME_RS05980	2	0	609	0	0	0
BME_RS05985	14	0	1122	0	0	0
BME_RS05990	3	0	477	0	0	0
BME_RS06000	10	0.07	1301	1	0	0
BME_RS06005	7	0	516	0	0	0
BME_RS06010	2	0	435	0	0	0
BME_RS06015	2	0	1050	0	0	0
BME_RS06020	2	0	1038	0	0	0
BME_RS06025	1	0	471	0	0	0
BME_RS06030	8	0	750	0	0	0
BME_RS06035	1	0	2313	0	0	0
BME_RS06045	1	0	1788	0	0	0
BME_RS06055	13	0	1539	0	0	0
BME_RS06060	9	0.04	2240	1	0	0
BME_RS06065	2	0	255	0	0	0
BME_RS06070	8	0	1206	0	0	0
BME_RS06080	10	0	1032	0	0	0
BME_RS06095	6	0	768	0	0	0
BME_RS06105	11	0	1170	0	0	0
BME_RS06110	1	0	249	0	0	0
BME_RS06135	1	0	198	0	0	0
BME_RS06185	6	0	612	0	0	0
BME_RS06200	1	0	306	0	0	0
BME_RS06225	9	0	786	0	0	0
BME_RS06230	9	0	870	0	0	0
BME_RS06235	1	0	708	0	0	0
BME_RS06245	12	0	1080	0	0	0
BME_RS06250	3	0	618	0	0	0
BME_RS06260	22	0	2127	0	0	0
BME_RS06270	9	0	873	0	0	0
BME_RS06275	7	0	471	0	0	0
BME_RS06280	3	0	690	0	0	0
BME_RS06285	2	0	600	0	0	0
BME_RS06290	10	0	642	0	0	0
BME_RS06295	9	0	819	0	0	0
BME_RS06305	2	0	585	0	0	0
BME_RS06310	1	0	258	0	0	0
BME_RS06315	1	0	492	0	0	0
BME_RS06325	3	0	423	0	0	0
BME_RS06330	1	0	513	0	0	0
BME_RS06340	2	0	564	0	0	0
BME_RS06345	2	0	450	0	0	0
BME_RS06355	11	0	1209	0	0	0
BME_RS06360	3	0	1089	0	0	0
BME_RS06365	19	0	2379	0	0	0
BME_RS06370	10	0	957	0	0	0
BME_RS06375	2	0	1032	0	0	0
BME_RS06380	2	0	831	0	0	0
BME_RS06385	15	0	1734	0	0	0
BME_RS06395	12	0	1614	0	0	0
BME_RS06400	17	0	1521	0	0	0
BME_RS06410	11	0	615	0	0	0
BME_RS06420	5	0	444	0	0	0
BME_RS06425	2	0	384	0	0	0
BME_RS06430	1	0	258	0	0	0
BME_RS06435	1	0	765	0	0	0
BME_RS06440	1	0	1335	0	0	0
BME_RS06445	8	0	864	0	0	0
BME_RS06450	2	0	621	0	0	0
BME_RS06460	2	0	744	0	0	0
BME_RS06470	1	0	705	0	0	0
BME_RS06475	1	0	783	0	0	0
BME_RS06480	4	0	405	0	0	0
BME_RS06485	1	0	576	0	0	0
BME_RS06505	15	0	756	0	0	0
BME_RS06510	6	0	579	0	0	0
BME_RS06515	14	0	2253	0	0	0
BME_RS06520	3	0	402	0	0	0
BME_RS06525	2	0	576	0	0	0
BME_RS06530	3	0	672	0	0	0
BME_RS06535	1	0	477	0	0	0
BME_RS06540	9	0	882	0	0	0
BME_RS06545	13	0	2058	0	0	0
BME_RS06550	2	0	657	0	0	0
BME_RS06555	1	0	183	0	0	0
BME_RS06560	9	0	642	0	0	0
BME_RS06580	3	0	927	0	0	0
BME_RS06590	1	0	375	0	0	0
BME_RS06600	9	0	771	0	0	0
BME_RS06605	1	0	258	0	0	0
BME_RS06610	1	0	240	0	0	0
BME_RS06615	4	0	348	0	0	0
BME_RS06620	11	0	711	0	0	0
BME_RS06635	7	0	1503	0	0	0
BME_RS06640	14	0	969	0	0	0
BME_RS06645	16	0	1692	0	0	0
BME_RS06650	9	0	873	0	0	0
BME_RS06665	18	0	2652	0	0	0
BME_RS06670	14	0	2352	0	0	0
BME_RS06675	14	0	2112	0	0	0
BME_RS06680	26	0	2952	0	0	0
BME_RS06685	12	0	1407	0	0	0
BME_RS06690	2	0	708	0	0	0
BME_RS06695	3	0	1542	0	0	0
BME_RS06700	3	0.2	476	1	0	0
BME_RS06705	16	0	1992	0	0	0
BME_RS06710	5	0	498	0	0	0
BME_RS06715	12	0.08	1139	1	0	0
BME_RS06720	2	0	453	0	0	0
BME_RS06725	12	0	1311	0	0	0
BME_RS06730	7	0	690	0	0	0
BME_RS06735	1	0	297	0	0	0
BME_RS06740	1	0	207	0	0	0
BME_RS06765	6	0	546	0	0	0
BME_RS06770	2	0	342	0	0	0
BME_RS06780	1	0	378	0	0	0
BME_RS06785	11	0	1194	0	0	0
BME_RS06805	4	0	612	0	0	0
BME_RS06820	2	0	348	0	0	0
BME_RS06830	14	0	1830	0	0	0
BME_RS06840	1	0	426	0	0	0
BME_RS06860	6	0	312	0	0	0
BME_RS06865	8	0	429	0	0	0
BME_RS06870	19	0	2109	0	0	0
BME_RS06875	1	0	336	0	0	0
BME_RS06880	2	0	600	0	0	0
BME_RS06890	4	0	243	0	0	0
BME_RS06895	3	0	717	0	0	0
BME_RS06900	20	0	1512	0	0	0
BME_RS06905	1	0	363	0	0	0
BME_RS06925	2	0	231	0	0	0
BME_RS06930	9	0	390	0	0	0
BME_RS06935	6	0	471	0	0	0
BME_RS06940	1	0	1023	0	0	0
BME_RS06945	9	0	597	0	0	0
BME_RS06955	11	0	1464	0	0	0
BME_RS06980	13	0	1308	0	0	0
BME_RS06990	8	0	1053	0	0	0
BME_RS07020	6	0	1425	0	0	0
BME_RS07105	2	0	855	0	0	0
BME_RS07110	1	0	780	0	0	0
BME_RS07145	2	0	837	0	0	0
BME_RS07150	3	0	357	0	0	0
BME_RS07155	2	0	510	0	0	0
BME_RS07160	10	0	600	0	0	0
BME_RS07165	1	0	906	0	0	0
BME_RS07185	15	0	2664	0	0	0
BME_RS07190	3	0	342	0	0	0
BME_RS07200	25	0	3459	0	0	0
BME_RS07205	6	0	654	0	0	0
BME_RS07210	2	0	528	0	0	0
BME_RS07215	9	0	1077	0	0	0
BME_RS07220	1	0	618	0	0	0
BME_RS07225	2	0	1134	0	0	0
BME_RS07235	2	0	687	0	0	0
BME_RS07240	2	0	186	0	0	0
BME_RS07250	8	0	579	0	0	0
BME_RS07255	14	0	1392	0	0	0
BME_RS07260	15	0	1293	0	0	0
BME_RS07265	3	0	621	0	0	0
BME_RS07270	17	0	2895	0	0	0
BME_RS07275	1	0	603	0	0	0
BME_RS07280	6	0	801	0	0	0
BME_RS07285	9	0	486	0	0	0
BME_RS07290	2	0	465	0	0	0
BME_RS07295	11	0	981	0	0	0
BME_RS07300	8	0	1041	0	0	0
BME_RS07335	13	0	1659	0	0	0
BME_RS07345	10	0	627	0	0	0
BME_RS07350	13	0	1413	0	0	0
BME_RS07355	1	0	663	0	0	0
BME_RS07365	1	0	1239	0	0	0
BME_RS07370	15	0	1263	0	0	0
BME_RS07375	1	0	237	0	0	0
BME_RS07380	1	0	738	0	0	0
BME_RS07385	3	0	945	0	0	0
BME_RS07390	6	0	447	0	0	0
BME_RS07395	1	0	249	0	0	0
BME_RS07405	7	0	570	0	0	0
BME_RS07415	11	0	1506	0	0	0
BME_RS07420	8	0	1404	0	0	0
BME_RS07425	6	0	579	0	0	0
BME_RS07430	1	0	1491	0	0	0
BME_RS07435	1	0	768	0	0	0
BME_RS07440	5	0	837	0	0	0
BME_RS07445	8	0	756	0	0	0
BME_RS07450	3	0	1887	0	0	0
BME_RS07455	12	0	1215	0	0	0
BME_RS07460	5	0	366	0	0	0
BME_RS07465	9	0	603	0	0	0
BME_RS07470	12	0	1248	0	0	0
BME_RS07475	3	0	759	0	0	0
BME_RS07480	16	0	1932	0	0	0
BME_RS07500	1	0	519	0	0	0
BME_RS07505	1	0	255	0	0	0
BME_RS07510	1	0	951	0	0	0
BME_RS07515	13	0	1116	0	0	0
BME_RS07520	3	0	1095	0	0	0
BME_RS07525	1	0	252	0	0	0
BME_RS07535	2	0	213	0	0	0
BME_RS07555	1	0	819	0	0	0
BME_RS07560	3	0	942	0	0	0
BME_RS07570	1	0	612	0	0	0
BME_RS07575	11	0	1002	0	0	0
BME_RS07580	15	0	1284	0	0	0
BME_RS07595	2	0	753	0	0	0
BME_RS07605	3	0	228	0	0	0
BME_RS07610	2	0	318	0	0	0
BME_RS07615	9	0	1413	0	0	0
BME_RS07620	2	0	972	0	0	0
BME_RS07625	22	0	2334	0	0	0
BME_RS07630	3	0	927	0	0	0
BME_RS07635	13	0	1866	0	0	0
BME_RS07640	6	0	1017	0	0	0
BME_RS07645	1	0	228	0	0	0
BME_RS07650	2	0	783	0	0	0
BME_RS07660	1	0	186	0	0	0
BME_RS07665	9	0	900	0	0	0
BME_RS07680	11	0	1173	0	0	0
BME_RS07685	2	0	663	0	0	0
BME_RS07690	9	0	480	0	0	0
BME_RS07695	7	0	627	0	0	0
BME_RS07700	1	0	228	0	0	0
BME_RS07705	2	0	750	0	0	0
BME_RS07710	6	0	399	0	0	0
BME_RS07725	8	0	1452	0	0	0
BME_RS07730	9	0	672	0	0	0
BME_RS07750	1	0	1044	0	0	0
BME_RS07755	1	0	351	0	0	0
BME_RS07760	6	0	1086	0	0	0
BME_RS07780	2	0	459	0	0	0
BME_RS07785	3	0	1626	0	0	0
BME_RS07800	6	0	864	0	0	0
BME_RS07805	11	0	1551	0	0	0
BME_RS07810	2	0	498	0	0	0
BME_RS07830	12	0.07	1304	1	0	0
BME_RS07860	2	0	276	0	0	0
BME_RS07865	10	0	1428	0	0	0
BME_RS07870	3	0	819	0	0	0
BME_RS07890	3	0	642	0	0	0
BME_RS07910	15	0	1029	0	0	0
BME_RS07920	10	0	1098	0	0	0
BME_RS07930	1	0	777	0	0	0
BME_RS07935	5	0	828	0	0	0
BME_RS07940	8	0	882	0	0	0
BME_RS07950	9	0	708	0	0	0
BME_RS07960	7	0	891	0	0	0
BME_RS07965	2	0	186	0	0	0
BME_RS07975	2	0.13	719	1	0	0
BME_RS07980	7	0	702	0	0	0
BME_RS07985	11	0.07	1277	1	0	0
BME_RS07990	2	0	417	0	0	0
BME_RS08005	1	0	951	0	0	0
BME_RS08010	5	0	456	0	0	0
BME_RS08015	3	0	354	0	0	0
BME_RS08020	12	0	1095	0	0	0
BME_RS08025	3	0	1371	0	0	0
BME_RS08030	2	0	483	0	0	0
BME_RS08035	2	0	267	0	0	0
BME_RS08040	6	0	1017	0	0	0
BME_RS08045	6	0	1092	0	0	0
BME_RS08055	8	0	1197	0	0	0
BME_RS08060	8	0	393	0	0	0
BME_RS08070	12	0	939	0	0	0
BME_RS08075	1	0	1212	0	0	0
BME_RS08080	1	0	543	0	0	0
BME_RS08100	4	0	843	0	0	0
BME_RS08115	18	0	1194	0	0	0
BME_RS08120	2	0	630	0	0	0
BME_RS08125	16	0	1746	0	0	0
BME_RS08140	1	0	750	0	0	0
BME_RS08145	12	0	1062	0	0	0
BME_RS08150	2	0	1650	0	0	0
BME_RS08155	1	0	453	0	0	0
BME_RS08165	13	0	1311	0	0	0
BME_RS08180	13	0	1248	0	0	0
BME_RS08190	22	0	3132	0	0	0
BME_RS08210	6	0	627	0	0	0
BME_RS08215	3	0	687	0	0	0
BME_RS08230	1	0	306	0	0	0
BME_RS08240	4	0	261	0	0	0
BME_RS08290	3	0	1290	0	0	0
BME_RS08295	2	0	441	0	0	0
BME_RS08300	3	0	1293	0	0	0
BME_RS08305	1	0	483	0	0	0
BME_RS08310	1	0	474	0	0	0
BME_RS08315	3	0	219	0	0	0
BME_RS08320	2	0	627	0	0	0
BME_RS08325	1	0	216	0	0	0
BME_RS08465	1	0	198	0	0	0
BME_RS08475	3	0	1278	0	0	0
BME_RS08480	16	0	846	0	0	0
BME_RS08485	2	0	735	0	0	0
BME_RS08505	13	0	1119	0	0	0
BME_RS08510	2	0	1092	0	0	0
BME_RS08515	8	0	876	0	0	0
BME_RS08520	9	0	894	0	0	0
BME_RS08525	1	0	1320	0	0	0
BME_RS08550	1	0	306	0	0	0
BME_RS08560	10	0	1266	0	0	0
BME_RS08570	1	0	930	0	0	0
BME_RS08575	8	0	1212	0	0	0
BME_RS08580	8	0	939	0	0	0
BME_RS08585	3	0	747	0	0	0
BME_RS08600	17	0	2112	0	0	0
BME_RS08605	9	0	876	0	0	0
BME_RS08610	9	0	1005	0	0	0
BME_RS08615	2	0	198	0	0	0
BME_RS08620	7	0	771	0	0	0
BME_RS08625	2	0	612	0	0	0
BME_RS08630	10	0	969	0	0	0
BME_RS08635	6	0	699	0	0	0
BME_RS08665	3	0	1035	0	0	0
BME_RS08705	3	0	846	0	0	0
BME_RS08710	18	0	1935	0	0	0
BME_RS08715	3	0	921	0	0	0
BME_RS08720	13	0	1371	0	0	0
BME_RS08725	1	0	708	0	0	0
BME_RS08735	1	0	390	0	0	0
BME_RS08740	1	0	246	0	0	0
BME_RS08745	7	0	579	0	0	0
BME_RS08750	1	0	294	0	0	0
BME_RS08755	1	0	525	0	0	0
BME_RS08770	1	0	303	0	0	0
BME_RS08785	1	0	912	0	0	0
BME_RS08790	5	0	1215	0	0	0
BME_RS08795	1	0	663	0	0	0
BME_RS08810	2	0	717	0	0	0
BME_RS08815	2	0	1125	0	0	0
BME_RS08825	7	0	657	0	0	0
BME_RS08830	7	0	993	0	0	0
BME_RS08835	3	0	714	0	0	0
BME_RS08840	3	0	747	0	0	0
BME_RS08850	2	0	423	0	0	0
BME_RS08855	1	0	246	0	0	0
BME_RS08860	5	0	465	0	0	0
BME_RS08865	2	0	594	0	0	0
BME_RS08870	17	0	1503	0	0	0
BME_RS08875	1	0	738	0	0	0
BME_RS08880	2	0	651	0	0	0
BME_RS08885	9	0	723	0	0	0
BME_RS08890	11	0	984	0	0	0
BME_RS08895	3	0	285	0	0	0
BME_RS08900	1	0	324	0	0	0
BME_RS08910	3	0	894	0	0	0
BME_RS08915	1	0	483	0	0	0
BME_RS08920	2	0	894	0	0	0
BME_RS08925	15	0	2733	0	0	0
BME_RS08940	12	0	2805	0	0	0
BME_RS08945	16	0	1590	0	0	0
BME_RS08950	11	0	1068	0	0	0
BME_RS08955	1	0	540	0	0	0
BME_RS08960	6	0	573	0	0	0
BME_RS08965	6	0	621	0	0	0
BME_RS08970	2	0	495	0	0	0
BME_RS08975	2	0	564	0	0	0
BME_RS08995	2	0	582	0	0	0
BME_RS09030	13	0	2442	0	0	0
BME_RS09040	10	0	2940	0	0	0
BME_RS09050	4	0.16	617	1	0	0
BME_RS09055	1	0	687	0	0	0
BME_RS09060	1	0	693	0	0	0
BME_RS09065	16	0	2292	0	0	0
BME_RS09070	1	0	807	0	0	0
BME_RS09080	3	0	789	0	0	0
BME_RS09090	7	0	1305	0	0	0
BME_RS09100	1	0	1080	0	0	0
BME_RS09110	10	0	867	0	0	0
BME_RS09115	8	0	1029	0	0	0
BME_RS09120	10	0	819	0	0	0
BME_RS09130	2	0	405	0	0	0
BME_RS09135	1	0	237	0	0	0
BME_RS09150	16	0	1836	0	0	0
BME_RS09155	1	0	612	0	0	0
BME_RS09160	1	0	174	0	0	0
BME_RS09165	1	0	789	0	0	0
BME_RS09170	5	0	666	0	0	0
BME_RS09175	10	0	648	0	0	0
BME_RS09180	15	0	2688	0	0	0
BME_RS09185	9	0	735	0	0	0
BME_RS09190	1	0	402	0	0	0
BME_RS09200	2	0	738	0	0	0
BME_RS09225	2	0	591	0	0	0
BME_RS09245	5	0	603	0	0	0
BME_RS09255	1	0	1236	0	0	0
BME_RS09260	2	0	504	0	0	0
BME_RS09270	1	0	1221	0	0	0
BME_RS09305	1	0	657	0	0	0
BME_RS09315	1	0	189	0	0	0
BME_RS09320	2	0	210	0	0	0
BME_RS09325	1	0	192	0	0	0
BME_RS09330	2	0	690	0	0	0
BME_RS09335	3	0	699	0	0	0
BME_RS09340	3	0	924	0	0	0
BME_RS09345	1	0	894	0	0	0
BME_RS09350	14	0.06	1632	0	0	1
BME_RS09360	2	0	396	0	0	0
BME_RS09365	10	0	399	0	0	0
BME_RS09370	1	0	1005	0	0	0
BME_RS09375	4	0	510	0	0	0
BME_RS09380	3	0	216	0	0	0
BME_RS09395	15	0	1920	0	0	0
BME_RS09410	8	0	630	0	0	0
BME_RS09425	15	0	966	0	0	0
BME_RS09430	3	0	609	0	0	0
BME_RS09435	7	0	756	0	0	0
BME_RS09440	4	0	864	0	0	0
BME_RS09450	5	0	405	0	0	0
BME_RS09455	10	0	1809	0	0	0
BME_RS09460	4	0	324	0	0	0
BME_RS09465	2	0	606	0	0	0
BME_RS09475	3	0	900	0	0	0
BME_RS09480	9	0	1020	0	0	0
BME_RS09485	1	0	1701	0	0	0
BME_RS09490	8	0	660	0	0	0
BME_RS09495	12	0	1353	0	0	0
BME_RS09500	1	0	384	0	0	0
BME_RS09565	3	0	201	0	0	0
BME_RS09570	3	0	1869	0	0	0
BME_RS09575	20	0.05	1847	1	0	0
BME_RS09580	7	0	1098	0	0	0
BME_RS09585	8	0	1140	0	0	0
BME_RS09590	3	0	1626	0	0	0
BME_RS09595	10	0	957	0	0	0
BME_RS09600	9	0	783	0	0	0
BME_RS09605	3	0.08	1154	1	0	0
BME_RS09610	13	0	1119	0	0	0
BME_RS09620	1	0	267	0	0	0
BME_RS09630	10	0	774	0	0	0
BME_RS09640	1	0	180	0	0	0
BME_RS09645	13	0	1383	0	0	0
BME_RS09650	1	0	351	0	0	0
BME_RS09655	9	0	873	0	0	0
BME_RS09665	10	0	1005	0	0	0
BME_RS09670	3	0	546	0	0	0
BME_RS09680	1	0	438	0	0	0
BME_RS09685	1	0	519	0	0	0
BME_RS09690	3	0.08	1223	1	0	0
BME_RS09695	1	0	819	0	0	0
BME_RS09710	16	0	2145	0	0	0
BME_RS09715	1	0	270	0	0	0
BME_RS09720	6	0	975	0	0	0
BME_RS09725	6	0	453	0	0	0
BME_RS09740	1	0	1614	0	0	0
BME_RS09745	1	0	660	0	0	0
BME_RS09750	8	0	702	0	0	0
BME_RS09755	9	0	1266	0	0	0
BME_RS09760	1	0	414	0	0	0
BME_RS09765	13	0	1599	0	0	0
BME_RS09770	14	0	1119	0	0	0
BME_RS09775	1	0	507	0	0	0
BME_RS09785	8	0	1404	0	0	0
BME_RS09790	10	0	804	0	0	0
BME_RS09795	9	0	501	0	0	0
BME_RS09800	2	0	690	0	0	0
BME_RS09805	1	0	498	0	0	0
BME_RS09815	1	0	282	0	0	0
BME_RS09825	1	0	687	0	0	0
BME_RS09830	4	0	723	0	0	0
BME_RS09835	3	0	822	0	0	0
BME_RS09840	8	0	1311	0	0	0
BME_RS09845	11	0	1491	0	0	0
BME_RS09850	7	0	1047	0	0	0
BME_RS09855	1	0	417	0	0	0
BME_RS09860	3	0	357	0	0	0
BME_RS09875	9	0	939	0	0	0
BME_RS09885	2	0	288	0	0	0
BME_RS09890	5	0	717	0	0	0
BME_RS09895	2	0	600	0	0	0
BME_RS09900	9	0	1134	0	0	0
BME_RS09910	11	0	1914	0	0	0
BME_RS09920	18	0	2415	0	0	0
BME_RS09925	10	0	1110	0	0	0
BME_RS09935	2	0	405	0	0	0
BME_RS09940	4	0	201	0	0	0
BME_RS09945	1	0	615	0	0	0
BME_RS09950	1	0	537	0	0	0
BME_RS09960	2	0	792	0	0	0
BME_RS09975	1	0	300	0	0	0
BME_RS09980	7	0	762	0	0	0
BME_RS09985	8	0	636	0	0	0
BME_RS09995	11	0	1275	0	0	0
BME_RS10000	1	0	468	0	0	0
BME_RS10005	9	0	840	0	0	0
BME_RS10015	8	0	1293	0	0	0
BME_RS10020	2	0	324	0	0	0
BME_RS10025	24	0	3543	0	0	0
BME_RS10030	21	0	3159	0	0	0
BME_RS10040	12	0	1536	0	0	0
BME_RS10045	17	0	2514	0	0	0
BME_RS10050	3	0	1401	0	0	0
BME_RS10055	1	0	315	0	0	0
BME_RS10060	1	0	402	0	0	0
BME_RS10065	2	0	480	0	0	0
BME_RS10070	17	0	1806	0	0	0
BME_RS10075	5	0	720	0	0	0
BME_RS10085	1	0	90	0	0	0
BME_RS10090	1	0	447	0	0	0
BME_RS10095	1	0	969	0	0	0
BME_RS10100	2	0	324	0	0	0
BME_RS10105	4	0	786	0	0	0
BME_RS10110	1	0	732	0	0	0
BME_RS10115	11	0	651	0	0	0
BME_RS10120	2	0	510	0	0	0
BME_RS10125	7	0	609	0	0	0
BME_RS10130	2	0	555	0	0	0
BME_RS10135	10	0	1305	0	0	0
BME_RS10155	9	0	1110	0	0	0
BME_RS10160	12	0	696	0	0	0
BME_RS10165	1	0	498	0	0	0
BME_RS10170	5	0	492	0	0	0
BME_RS10175	3	0	705	0	0	0
BME_RS10180	1	0	603	0	0	0
BME_RS10185	2	0	870	0	0	0
BME_RS10195	6	0	840	0	0	0
BME_RS10220	1	0	687	0	0	0
BME_RS10225	11	0	756	0	0	0
BME_RS10255	16	0	1863	0	0	0
BME_RS10260	11	0	1170	0	0	0
BME_RS10275	2	0	381	0	0	0
BME_RS10280	10	0	1059	0	0	0
BME_RS10285	13	0	987	0	0	0
BME_RS10295	12	0	1002	0	0	0
BME_RS10300	14	0	1539	0	0	0
BME_RS10305	8	0	894	0	0	0
BME_RS10315	2	0	717	0	0	0
BME_RS10320	2	0	318	0	0	0
BME_RS10325	1	0	349	0	0	0
BME_RS10330	10	0	2496	0	0	0
BME_RS10335	7	0	717	0	0	0
BME_RS10340	3	0	1044	0	0	0
BME_RS10345	1	0	174	0	0	0
BME_RS10350	2	0	720	0	0	0
BME_RS10355	2	0	858	0	0	0
BME_RS10370	6	0	519	0	0	0
BME_RS10380	9	0	1404	0	0	0
BME_RS10385	4	0	1455	0	0	0
BME_RS10390	27	0	4752	0	0	0
BME_RS10400	1	0	471	0	0	0
BME_RS10405	1	0	399	0	0	0
BME_RS10410	3	0	996	0	0	0
BME_RS10415	2	0	777	0	0	0
BME_RS10420	7	0	891	0	0	0
BME_RS10425	1	0	363	0	0	0
BME_RS10435	4	0	639	0	0	0
BME_RS10440	8	0	1071	0	0	0
BME_RS10445	7	0	717	0	0	0
BME_RS10450	1	0	204	0	0	0
BME_RS10460	15	0	2718	0	0	0
BME_RS10470	1	0	786	0	0	0
BME_RS10490	11	0	738	0	0	0
BME_RS10500	7	0	717	0	0	0
BME_RS10530	2	0	741	0	0	0
BME_RS10535	10	0	636	0	0	0
BME_RS10550	10	0	810	0	0	0
BME_RS10555	2	0	789	0	0	0
BME_RS10570	3	0	1620	0	0	0
BME_RS10580	13	0	777	0	0	0
BME_RS10620	11	0	936	0	0	0
BME_RS10640	9	0	987	0	0	0
BME_RS10645	12	0	1194	0	0	0
BME_RS10655	13	0	1353	0	0	0
BME_RS10665	8	0	729	0	0	0
BME_RS10670	10	0	501	0	0	0
BME_RS10690	13	0	804	0	0	0
BME_RS10725	6	0	846	0	0	0
BME_RS10730	12	0	1179	0	0	0
BME_RS10760	2	0	324	0	0	0
BME_RS10780	17	0	1182	0	0	0
BME_RS10805	16	0.07	1256	1	0	0
BME_RS10835	5	0	393	0	0	0
BME_RS10840	3	0	1515	0	0	0
BME_RS10860	8	0	810	0	0	0
BME_RS10875	6	0	969	0	0	0
BME_RS10895	11	0	1056	0	0	0
BME_RS10920	7	0	681	0	0	0
BME_RS10945	10	0	684	0	0	0
BME_RS10965	7	0	345	0	0	0
BME_RS10970	1	0	459	0	0	0
BME_RS10975	1	0	414	0	0	0
BME_RS10980	3	0	267	0	0	0
BME_RS11005	5	0	591	0	0	0
BME_RS11015	3	0	528	0	0	0
BME_RS11035	9	0	897	0	0	0
BME_RS11040	11	0	1005	0	0	0
BME_RS11045	8	0	1203	0	0	0
BME_RS11320	2	0	324	0	0	0
BME_RS11325	3	0	657	0	0	0
BME_RS11330	4	0.48	206	1	0	0
BME_RS11335	3	0	627	0	0	0
BME_RS11340	7	0	810	0	0	0
BME_RS11345	9	0	1584	0	0	0
BME_RS11350	12	0	1221	0	0	0
BME_RS11365	2	0	1461	0	0	0
BME_RS11370	3	0	858	0	0	0
BME_RS11380	2	0	720	0	0	0
BME_RS11385	6	0	447	0	0	0
BME_RS11390	6	0	624	0	0	0
BME_RS11405	3	0	621	0	0	0
BME_RS11410	8	0	840	0	0	0
BME_RS11415	10	0	1830	0	0	0
BME_RS11420	14	0	1032	0	0	0
BME_RS11425	1	0	378	0	0	0
BME_RS11430	13	0	945	0	0	0
BME_RS11435	8	0	870	0	0	0
BME_RS11455	10	0	987	0	0	0
BME_RS11460	12	0	1809	0	0	0
BME_RS11465	1	0	282	0	0	0
BME_RS11475	11	0	1224	0	0	0
BME_RS11480	1	0	528	0	0	0
BME_RS11485	12	0	921	0	0	0
BME_RS11490	1	0	756	0	0	0
BME_RS11495	1	0	606	0	0	0
BME_RS11500	3	0	1188	0	0	0
BME_RS11510	8	0	855	0	0	0
BME_RS11515	2	0	840	0	0	0
BME_RS11520	8	0	705	0	0	0
BME_RS11525	2	0	891	0	0	0
BME_RS11535	20	0	1833	0	0	0
BME_RS11545	1	0	135	0	0	0
BME_RS11580	1	0	759	0	0	0
BME_RS11590	1	0	954	0	0	0
BME_RS11595	3	0	861	0	0	0
BME_RS11600	2	0	1026	0	0	0
BME_RS11615	10	0	999	0	0	0
BME_RS11635	1	0	606	0	0	0
BME_RS11645	6	0	408	0	0	0
BME_RS11660	1	0	795	0	0	0
BME_RS11685	1	0	345	0	0	0
BME_RS11690	2	0	663	0	0	0
BME_RS11695	10	0	960	0	0	0
BME_RS11700	2	0	885	0	0	0
BME_RS11715	9	0	771	0	0	0
BME_RS11730	2	0	1020	0	0	0
BME_RS11745	1	0	750	0	0	0
BME_RS11775	6	0	420	0	0	0
BME_RS11780	3	0	1401	0	0	0
BME_RS11785	9	0	1317	0	0	0
BME_RS11790	1	0	672	0	0	0
BME_RS11795	1	0	477	0	0	0
BME_RS11810	1	0	228	0	0	0
BME_RS11815	6	0	888	0	0	0
BME_RS11820	5	0	408	0	0	0
BME_RS11840	15	0	1599	0	0	0
BME_RS11850	8	0	888	0	0	0
BME_RS11860	9	0	816	0	0	0
BME_RS11870	1	0	915	0	0	0
BME_RS11880	1	0	441	0	0	0
BME_RS11890	8	0	1020	0	0	0
BME_RS11895	10	0	1557	0	0	0
BME_RS11920	7	0	993	0	0	0
BME_RS11925	4	0	936	0	0	0
BME_RS11930	10	0	1806	0	0	0
BME_RS11940	10	0	633	0	0	0
BME_RS11965	7	0	882	0	0	0
BME_RS11980	2	0	801	0	0	0
BME_RS11995	8	0	1365	0	0	0
BME_RS12000	6	0	744	0	0	0
BME_RS12010	8	0	549	0	0	0
BME_RS12015	16	0	1251	0	0	0
BME_RS12020	13	0	1200	0	0	0
BME_RS12030	18	0	855	0	0	0
BME_RS12035	3	0	1149	0	0	0
BME_RS12045	1	0	300	0	0	0
BME_RS12050	12	0	1173	0	0	0
BME_RS12065	9	0	768	0	0	0
BME_RS12070	5	0	1032	0	0	0
BME_RS12075	11	0	1167	0	0	0
BME_RS12080	6	0	729	0	0	0
BME_RS12085	11	0.11	884	1	0	0
BME_RS12115	5	0	309	0	0	0
BME_RS12125	4	0	438	0	0	0
BME_RS12135	13	0	1077	0	0	0
BME_RS12155	7	0	543	0	0	0
BME_RS12160	9	0	990	0	0	0
BME_RS12175	8	0	1113	0	0	0
BME_RS12180	16	0	1053	0	0	0
BME_RS12185	16	0	1899	0	0	0
BME_RS12190	10	0.09	1034	1	0	0
BME_RS12195	5	0	456	0	0	0
BME_RS12200	1	0	423	0	0	0
BME_RS12205	5	0	423	0	0	0
BME_RS12210	4	0	606	0	0	0
BME_RS12220	5	0	207	0	0	0
BME_RS12225	1	0	354	0	0	0
BME_RS12230	1	0	2049	0	0	0
BME_RS12235	11	0	1398	0	0	0
BME_RS12240	10	0	1827	0	0	0
BME_RS12245	7	0	588	0	0	0
BME_RS12255	8	0	1023	0	0	0
BME_RS12260	8	0	1065	0	0	0
BME_RS12265	1	0	456	0	0	0
BME_RS12270	9	0	771	0	0	0
BME_RS12275	6	0	765	0	0	0
BME_RS12285	4	0	933	0	0	0
BME_RS12290	14	0	1509	0	0	0
BME_RS12300	4	0	657	0	0	0
BME_RS12305	15	0	1545	0	0	0
BME_RS12320	13	0	1026	0	0	0
BME_RS12355	1	0	447	0	0	0
BME_RS12375	1	0	741	0	0	0
BME_RS12390	8	0	1527	0	0	0
BME_RS12395	3	0	633	0	0	0
BME_RS12415	2	0	330	0	0	0
BME_RS12435	12	0	969	0	0	0
BME_RS12445	3	0.09	1022	1	0	0
BME_RS12460	2	0	825	0	0	0
BME_RS12465	1	0	921	0	0	0
BME_RS12480	1	0	360	0	0	0
BME_RS12485	5	0	414	0	0	0
BME_RS12490	2	0	402	0	0	0
BME_RS12505	2	0	1206	0	0	0
BME_RS12510	9	0	774	0	0	0
BME_RS12520	1	0	279	0	0	0
BME_RS12545	9	0	843	0	0	0
BME_RS12575	7	0	789	0	0	0
BME_RS12580	7	0	801	0	0	0
BME_RS12605	2	0	1794	0	0	0
BME_RS12610	10	0	1209	0	0	0
BME_RS12615	15	0	2217	0	0	0
BME_RS12620	3	0	657	0	0	0
BME_RS12630	17	0	1656	0	0	0
BME_RS12635	3	0	411	0	0	0
BME_RS12645	3	0	345	0	0	0
BME_RS12655	5	0	999	0	0	0
BME_RS12675	8	0	816	0	0	0
BME_RS12680	1	0	900	0	0	0
BME_RS12690	1	0	699	0	0	0
BME_RS12695	4	0	1476	0	0	0
BME_RS12700	9	0	750	0	0	0
BME_RS12710	3	0	300	0	0	0
BME_RS12715	1	0	741	0	0	0
BME_RS12720	2	0	459	0	0	0
BME_RS12735	11	0	1287	0	0	0
BME_RS12745	8	0	1431	0	0	0
BME_RS12755	1	0	303	0	0	0
BME_RS12765	16	0	1536	0	0	0
BME_RS12770	14	0	1374	0	0	0
BME_RS12790	1	0	210	0	0	0
BME_RS12795	10	0	867	0	0	0
BME_RS12805	9	0	1044	0	0	0
BME_RS12820	3	0	372	0	0	0
BME_RS12825	13	0	801	0	0	0
BME_RS12850	5	0	882	0	0	0
BME_RS12875	3	0	906	0	0	0
BME_RS12880	3	0	867	0	0	0
BME_RS12885	3	0	900	0	0	0
BME_RS12890	1	0	444	0	0	0
BME_RS12895	12	0	1170	0	0	0
BME_RS12910	2	0	843	0	0	0
BME_RS12920	1	0	147	0	0	0
BME_RS12925	13	0	1104	0	0	0
BME_RS12930	1	0	369	0	0	0
BME_RS12935	19	0	2799	0	0	0
BME_RS12950	14	0	1026	0	0	0
BME_RS12955	18	0	2226	0	0	0
BME_RS12965	14	0	801	0	0	0
BME_RS12975	3	0	903	0	0	0
BME_RS13005	11	0	906	0	0	0
BME_RS13010	6	0	555	0	0	0
BME_RS13030	15	0	1605	0	0	0
BME_RS13035	1	0	522	0	0	0
BME_RS13055	9	0	1017	0	0	0
BME_RS13065	7	0	402	0	0	0
BME_RS13070	3	0	345	0	0	0
BME_RS13080	1	0	477	0	0	0
BME_RS13090	14	0	882	0	0	0
BME_RS13115	2	0	723	0	0	0
BME_RS13120	16	0	1530	0	0	0
BME_RS13350	3	0	282	0	0	0
BME_RS13365	3	0	198	0	0	0
BME_RS13370	2	0	189	0	0	0
BME_RS13375	3	0	306	0	0	0
BME_RS13380	2	0	378	0	0	0
BME_RS13400	11	0	1338	0	0	0
BME_RS13410	1	0	288	0	0	0
BME_RS13415	1	0	372	0	0	0
BME_RS13425	1	0	166	0	0	0
BME_RS13440	4	0	303	0	0	0
BME_RS13445	19	0	2352	0	0	0
BME_RS13450	18	0.03	2633	1	0	0
BME_RS13465	9	0	606	0	0	0
BME_RS13470	12	0	1287	0	0	0
BME_RS13475	7	0	969	0	0	0
BME_RS13480	10	0	1629	0	0	0
BME_RS13490	7	0	714	0	0	0
BME_RS13495	1	0	288	0	0	0
BME_RS13500	16	0	1482	0	0	0
BME_RS13510	10	0	2100	0	0	0
BME_RS13515	3	0	930	0	0	0
BME_RS13520	4	0	759	0	0	0
BME_RS13525	3	0	1470	0	0	0
BME_RS13530	9	0	501	0	0	0
BME_RS13540	11	0	1413	0	0	0
BME_RS13545	22	0	2619	0	0	0
BME_RS13550	2	0	747	0	0	0
BME_RS13555	3	0	1365	0	0	0
BME_RS13560	14	0	1824	0	0	0
BME_RS13565	13	0	2121	0	0	0
BME_RS13570	6	0	288	0	0	0
BME_RS13575	18	0	3513	0	0	0
BME_RS13585	8	0	675	0	0	0
BME_RS13590	18	0	1848	0	0	0
BME_RS13595	3	0	618	0	0	0
BME_RS13600	6	0	339	0	0	0
BME_RS13605	13	0	1245	0	0	0
BME_RS13610	3	0	831	0	0	0
BME_RS13620	1	0	183	0	0	0
BME_RS13645	3	0.15	1312	2	0	0
BME_RS13650	3	0	486	0	0	0
BME_RS13665	6	0	462	0	0	0
BME_RS13745	1	0	498	0	0	0
BME_RS13780	1	0	348	0	0	0
BME_RS13790	12	0	1581	0	0	0
BME_RS13800	12	0	1134	0	0	0
BME_RS13805	19	0	1611	0	0	0
BME_RS13810	2	0	639	0	0	0
BME_RS13825	20	0.04	2465	1	0	0
BME_RS13845	11	0	1014	0	0	0
BME_RS13855	6	0	252	0	0	0
BME_RS13860	6	0	1002	0	0	0
BME_RS13865	18	0	1071	0	0	0
BME_RS13870	1	0	840	0	0	0
BME_RS13875	3	0	945	0	0	0
BME_RS13895	3	0	774	0	0	0
BME_RS13900	3	0	156	0	0	0
BME_RS13910	1	0	1578	0	0	0
BME_RS13920	14	0	1737	0	0	0
BME_RS13925	10	0	585	0	0	0
BME_RS13930	1	0	363	0	0	0
BME_RS13935	1	0	282	0	0	0
BME_RS13940	7	0	516	0	0	0
BME_RS13945	9	0	1629	0	0	0
BME_RS13950	1	0	339	0	0	0
BME_RS13955	25	0	2919	0	0	0
BME_RS13965	3	0	600	0	0	0
BME_RS13970	1	0	519	0	0	0
BME_RS13975	1	0	282	0	0	0
BME_RS13980	1	0.09	1040	1	0	0
BME_RS13985	2	0	1137	0	0	0
BME_RS13990	3	0	639	0	0	0
BME_RS13995	12	0	1275	0	0	0
BME_RS14015	8	0	921	0	0	0
BME_RS14025	14	0	1434	0	0	0
BME_RS14040	1	0	450	0	0	0
BME_RS14050	1	0	351	0	0	0
BME_RS14075	1	0	1050	0	0	0
BME_RS14095	13	0	1092	0	0	0
BME_RS14115	11	0.08	1139	1	0	0
BME_RS14130	3	0	720	0	0	0
BME_RS14150	8	0	411	0	0	0
BME_RS14155	5	0	324	0	0	0
BME_RS14170	9	0	1239	0	0	0
BME_RS14205	1	0	441	0	0	0
BME_RS14225	6	0	1323	0	0	0
BME_RS14350	14	0	1248	0	0	0
BME_RS14370	1	0	261	0	0	0
BME_RS14385	6	0	750	0	0	0
BME_RS14390	10	0	1584	0	0	0
BME_RS14400	8	0	873	0	0	0
BME_RS14405	8	0.1	917	1	0	0
BME_RS14410	11	0	1017	0	0	0
BME_RS14415	2	0	954	0	0	0
BME_RS14425	4	0	996	0	0	0
BME_RS14430	10	0	1128	0	0	0
BME_RS14450	10	0	819	0	0	0
BME_RS14500	12	0	1206	0	0	0
BME_RS14505	12	0	2379	0	0	0
BME_RS14520	3	0	399	0	0	0
BME_RS14525	2	0	549	0	0	0
BME_RS14535	3	0	633	0	0	0
BME_RS14540	1	0	456	0	0	0
BME_RS14580	2	0	1494	0	0	0
BME_RS14585	11	0	1356	0	0	0
BME_RS14600	1	0	1416	0	0	0
BME_RS14620	3	0	252	0	0	0
BME_RS14650	7	0	534	0	0	0
BME_RS14670	2	0.18	527	1	0	0
BME_RS14690	8	0	1068	0	0	0
BME_RS14700	2	0	393	0	0	0
BME_RS14715	1	0	273	0	0	0
BME_RS14720	9	0	816	0	0	0
BME_RS14730	3	0	990	0	0	0
BME_RS14735	14	0	2217	0	0	0
BME_RS14745	2	0	222	0	0	0
BME_RS14755	3	0	231	0	0	0
BME_RS14790	3	0	1017	0	0	0
BME_RS14795	2	0	711	0	0	0
BME_RS14810	14	0	1539	0	0	0
BME_RS14815	4	0	708	0	0	0
BME_RS14820	1	0	726	0	0	0
BME_RS14830	1	0	537	0	0	0
BME_RS14850	13	0	978	0	0	0
BME_RS14855	6	0	933	0	0	0
BME_RS14880	9	0	441	0	0	0
BME_RS14900	1	0	540	0	0	0
BME_RS14905	14	0	831	0	0	0
BME_RS14930	1	0	192	0	0	0
BME_RS14940	9	0	528	0	0	0
BME_RS14950	8	0	1605	0	0	0
BME_RS14955	6	0	729	0	0	0
BME_RS14980	12	0	696	0	0	0
BME_RS14990	11	0	1131	0	0	0
BME_RS14995	8	0	624	0	0	0
BME_RS15000	1	0	585	0	0	0
BME_RS15005	6	0	1176	0	0	0
BME_RS15010	1	0	327	0	0	0
BME_RS15015	3	0	528	0	0	0
BME_RS15030	22	0	1902	0	0	0
BME_RS15035	13	0	813	0	0	0
BME_RS15045	7	0	453	0	0	0
BME_RS15050	1	0	279	0	0	0
BME_RS15070	10	0	1269	0	0	0
BME_RS15080	13	0	963	0	0	0
BME_RS15085	7	0	702	0	0	0
BME_RS15130	2	0	1344	0	0	0
BME_RS15140	2	0	465	0	0	0
BME_RS15165	7	0	855	0	0	0
BME_RS15180	13	0	1872	0	0	0
BME_RS15185	2	0	237	0	0	0
BME_RS15190	1	0	1026	0	0	0
BME_RS15195	11	0	1341	0	0	0
BME_RS15200	1	0	777	0	0	0
BME_RS15205	1	0	252	0	0	0
BME_RS15215	16	0.07	1343	1	0	0
BME_RS15220	13	0	1845	0	0	0
BME_RS15225	2	0	882	0	0	0
BME_RS15250	8	0	474	0	0	0
BME_RS15255	9	0	561	0	0	0
BME_RS15260	5	0	672	0	0	0
BME_RS15265	18	0	2919	0	0	0
BME_RS15270	1	0	990	0	0	0
BME_RS15280	1	0	297	0	0	0
BME_RS15285	13	0	1641	0	0	0
BME_RS15290	2	0	255	0	0	0
BME_RS15295	1	0	1392	0	0	0
BME_RS15300	1	0	402	0	0	0
BME_RS15315	9	0	696	0	0	0
BME_RS15320	9	0	1131	0	0	0
BME_RS15325	11	0	1509	0	0	0
BME_RS15345	2	0	828	0	0	0
BME_RS15375	2	0	813	0	0	0
BME_RS15385	2	0	240	0	0	0
BME_RS15390	4	0	396	0	0	0
BME_RS15405	8	0	579	0	0	0
BME_RS15420	6	0	837	0	0	0
BME_RS15425	1	0	1218	0	0	0
BME_RS15430	6	0	885	0	0	0
BME_RS15435	2	0	417	0	0	0
BME_RS15445	2	0	741	0	0	0
BME_RS15475	1	0	789	0	0	0
BME_RS15480	1	0	336	0	0	0
BME_RS15485	8	0	423	0	0	0
BME_RS15490	1	0	381	0	0	0
BME_RS15505	5	0	786	0	0	0
BME_RS15510	1	0	792	0	0	0
BME_RS15515	9	0	966	0	0	0
BME_RS15520	7	0	633	0	0	0
BME_RS15525	9	0	1302	0	0	0
BME_RS15530	1	0	438	0	0	0
BME_RS15550	10	0	981	0	0	0
BME_RS15555	8	0	396	0	0	0
BME_RS15560	11	0	978	0	0	0
BME_RS15565	11	0	606	0	0	0
BME_RS15580	8	0	789	0	0	0
BME_RS15600	1	0	348	0	0	0
BME_RS15615	9	0	1071	0	0	0
BME_RS15625	5	0.25	779	1	0	1
BME_RS15630	1	0	744	0	0	0
BME_RS15645	8	0	1104	0	0	0
BME_RS15655	10	0	819	0	0	0
BME_RS15660	2	0	1062	0	0	0
BME_RS15665	15	0	1410	0	0	0
BME_RS15670	1	0	1050	0	0	0
BME_RS15705	6	0	1719	0	0	0
BME_RS15710	8	0	1134	0	0	0
BME_RS15715	14	0	1206	0	0	0
BME_RS15725	10	0	705	0	0	0
BME_RS15730	12	0	1104	0	0	0
BME_RS15840	1	0	186	0	0	0
BME_RS15845	2	0	204	0	0	0
BME_RS15850	1	0	243	0	0	0
BME_RS15910	7	0	204	0	0	0
BME_RS15920	1	0	126	0	0	0
BME_RS15925	1	0	222	0	0	0
BME_RS15960	1	0	135	0	0	0
BME_RS16025	1	0	153	0	0	0
BME_RS16150	1	0	186	0	0	0
BME_RS16180	1	0	78	0	0	0
BME_RS16390	1	0	192	0	0	0
BME_RS16475	2	0	204	0	0	0
BME_RS16635	3	0	642	0	0	0
BME_RS16750	1	0	261	0	0	0
BME_RS16825	1	0	207	0	0	0
BME_RS16885	1	0	222	0	0	0
BME_RS16960	1	0	201	0	0	0
BME_RS16975	1	0	138	0	0	0
BME_RS17040	2	0	225	0	0	0
BME_RS17125	1	0	195	0	0	0
BME_RS17270	2	0	225	0	0	0
BME_RS17310	2	0	180	0	0	0
BME_RS17325	1	0	189	0	0	0
BME_RS17410	6	0	363	0	0	0
BME_RS17605	2	0	258	0	0	0
BME_RS17670	1	0	159	0	0	0
BME_RS17675	3	0	237	0	0	0
BME_RS17720	1	0	60	0	0	0
BME_RS17725	1	0	153	0	0	0
BME_RS17750	1	0	141	0	0	0
BME_RS17770	1	0	159	0	0	0
BME_RS17775	2	0	177	0	0	0
BME_RS17790	1	0	279	0	0	0
BME_RS17800	1	0	177	0	0	0
BME_RS17810	1	0	168	0	0	0
BME_RS17815	5	0	168	0	0	0
BME_RS17825	1	0	168	0	0	0
BME_RS17845	2	0	345	0	0	0
BME_RS17850	1	0	141	0	0	0
BME_RS17860	1	0	174	0	0	0
BME_RS17875	2	0	156	0	0	0
BME_RS17880	1	0	138	0	0	0
BME_RS17885	1	0	153	0	0	0
